label,cm_val,confidence,ground_truth,hate_score
FALSE,fn,0.8091461062431335,TRUE,0.19085389375686646
TRUE,tp,0.9882649183273317,TRUE,0.9882649183273317
TRUE,tp,0.9940529465675354,TRUE,0.9940529465675354
FALSE,fn,0.9848843812942504,TRUE,0.015115618705749623
FALSE,tn,0.9998192191123962,FALSE,1.8078088760375977e-4
FALSE,tn,0.9998237490653992,FALSE,1.7625093460083008e-4
FALSE,tn,0.8586928844451904,FALSE,0.14130711555480957
FALSE,tn,0.8783283233642578,FALSE,0.12167167663574219
FALSE,tn,0.9750016331672668,FALSE,0.024998366832733154
TRUE,fp,0.9964053630828856,FALSE,0.9964053630828856
TRUE,fp,0.9995539784431458,FALSE,0.9995539784431458
TRUE,tp,0.9847068190574646,TRUE,0.9847068190574646
FALSE,tn,0.9983376264572144,FALSE,0.0016623735427856445
TRUE,tp,0.9995403289794922,TRUE,0.9995403289794922
FALSE,tn,0.954079568386078,FALSE,0.04592043161392201
FALSE,fn,0.6552258729934692,TRUE,0.34477412700653076
FALSE,tn,0.866672933101654,FALSE,0.13332706689834595
TRUE,fp,0.99951934814453125,FALSE,0.99951934814453125
FALSE,tn,0.5603867769241333,FALSE,0.4396132230758667
FALSE,tn,0.9997534155845642,FALSE,2.46584415435791e-4
TRUE,fp,0.9983295798301696,FALSE,0.9983295798301696
TRUE,fp,0.9983295798301696,FALSE,0.9983295798301696
FALSE,tn,0.9998186230659484,FALSE,1.813769340516247e-4
FALSE,tn,0.9999221563339232,FALSE,7.784366607677118e-5
FALSE,tn,0.9992927312850952,FALSE,7.072687149047852e-4
FALSE,tn,0.6431049704551697,FALSE,0.3568950295448303
FALSE,tn,0.9991614818572998,FALSE,8.385181427001953e-4
FALSE,tn,0.9984606504440308,FALSE,0.0015393495559692383
FALSE,tn,0.9799624681472778,FALSE,0.020037531852722168
FALSE,tn,0.9961811304092408,FALSE,0.0038188695907591663
TRUE,fp,0.9983804225921632,FALSE,0.9983804225921632
TRUE,fp,0.9983804225921632,FALSE,0.9983804225921632
TRUE,tp,0.9983804225921632,TRUE,0.9983804225921632
FALSE,fn,0.9850348234176636,TRUE,0.014965176582336426
FALSE,fn,0.5688684582710266,TRUE,0.4311315417289734
FALSE,tn,0.6122348308563232,FALSE,0.38776516914367676
FALSE,tn,0.998590648174286,FALSE,0.0014093518257140003
FALSE,tn,0.9998881816864014,FALSE,1.1181831359863281e-4
FALSE,tn,0.8410468697547913,FALSE,0.15895313024520874
TRUE,fp,0.5081982016563416,FALSE,0.5081982016563416
TRUE,tp,0.987113356590271,TRUE,0.987113356590271
FALSE,tn,0.9943337440490724,FALSE,0.005666255950927623
FALSE,tn,0.699011504650116,FALSE,0.30098849534988403
FALSE,tn,0.8899509310722351,FALSE,0.11004906892776489
TRUE,fp,0.9988346695899964,FALSE,0.9988346695899964
FALSE,tn,0.9909703731536864,FALSE,0.009029626846313588
TRUE,fp,0.9323421716690063,FALSE,0.9323421716690063
FALSE,tn,0.9183319807052612,FALSE,0.08166801929473877
FALSE,tn,0.9984793066978456,FALSE,0.00152069330215443
TRUE,fp,0.9526706337928772,FALSE,0.9526706337928772
FALSE,tn,0.9991154074668884,FALSE,8.845925331115723e-4
FALSE,tn,0.9997950196266174,FALSE,2.0498037338256836e-4
FALSE,tn,0.9997950196266174,FALSE,2.0498037338256836e-4
FALSE,tn,0.9998894929885864,FALSE,1.1050701141357422e-4
TRUE,fp,0.9968358874320984,FALSE,0.9968358874320984
FALSE,tn,0.9998520612716676,FALSE,1.479387283324085e-4
FALSE,tn,0.9985793828964232,FALSE,0.0014206171035767712
FALSE,tn,0.9997740387916564,FALSE,2.2596120834361688e-4
FALSE,tn,0.999158501625061,FALSE,8.414983749389648e-4
FALSE,tn,0.9998575448989868,FALSE,1.424551010131836e-4
FALSE,tn,0.9939129948616028,FALSE,0.006087005138397217
FALSE,tn,0.989386796951294,FALSE,0.010613203048706055
FALSE,tn,0.6061580777168274,FALSE,0.3938419222831726
TRUE,fp,0.9970335960388184,FALSE,0.9970335960388184
FALSE,tn,0.9998179078102112,FALSE,1.8209218978881836e-4
FALSE,tn,0.9991770386695862,FALSE,8.229613304138184e-4
TRUE,tp,0.9993433356285096,TRUE,0.9993433356285096
FALSE,tn,0.9999165534973145,FALSE,8.3446502685546875e-05
FALSE,tn,0.9989896416664124,FALSE,0.0010103583335876465
FALSE,tn,0.99990975856781,FALSE,9.024143219005243e-5
FALSE,tn,0.9997872710227966,FALSE,2.1272897720336914e-4
FALSE,tn,0.9989804625511168,FALSE,0.0010195374488831677
FALSE,fn,0.8673187494277954,TRUE,0.1326812505722046
FALSE,fn,0.9854419231414796,TRUE,0.014558076858520397
FALSE,tn,0.6846182346343994,FALSE,0.3153817653656006
FALSE,tn,0.530787467956543,FALSE,0.46921253204345703
TRUE,fp,0.9531176686286926,FALSE,0.9531176686286926
FALSE,tn,0.99811589717865,FALSE,0.0018841028213499866
TRUE,fp,0.9969252943992616,FALSE,0.9969252943992616
TRUE,fp,0.9990911483764648,FALSE,0.9990911483764648
TRUE,fp,0.9989699125289916,FALSE,0.9989699125289916
FALSE,tn,0.8604397773742676,FALSE,0.13956022262573242
TRUE,fp,0.5347088575363159,FALSE,0.5347088575363159
FALSE,tn,0.9996349811553956,FALSE,3.6501884460438117e-4
FALSE,tn,0.851926863193512,FALSE,0.14807313680648804
TRUE,tp,0.997669279575348,TRUE,0.997669279575348
TRUE,fp,0.9987152814865112,FALSE,0.9987152814865112
FALSE,fn,0.7050609588623047,TRUE,0.2949390411376953
FALSE,fn,0.9998080134391784,TRUE,1.9198656082164423e-4
TRUE,tp,0.997562050819397,TRUE,0.997562050819397
FALSE,tn,0.9996299743652344,FALSE,3.70025634765625e-4
FALSE,fn,0.9992637038230896,TRUE,7.362961769104004e-4
FALSE,fn,0.6230424642562866,TRUE,0.3769575357437134
FALSE,tn,0.9759223461151124,FALSE,0.024077653884887584
FALSE,fn,0.9991262555122375,TRUE,8.737444877624512e-4
TRUE,fp,0.9919775724411012,FALSE,0.9919775724411012
FALSE,tn,0.9313175082206726,FALSE,0.06868249177932739
FALSE,tn,0.99773371219635,FALSE,0.0022662878036500134
FALSE,tn,0.9952871799468994,FALSE,0.004712820053100586
TRUE,fp,0.9946159720420836,FALSE,0.9946159720420836
TRUE,fp,0.9790513515472412,FALSE,0.9790513515472412
FALSE,tn,0.985968828201294,FALSE,0.014031171798706055
FALSE,tn,0.9998704195022584,FALSE,1.295804977415882e-4
FALSE,tn,0.9997991919517516,FALSE,2.0080804824840204e-4
TRUE,fp,0.6705355644226074,FALSE,0.6705355644226074
TRUE,fp,0.6705355644226074,FALSE,0.6705355644226074
TRUE,fp,0.9979053735733032,FALSE,0.9979053735733032
FALSE,tn,0.6146281361579895,FALSE,0.3853718638420105
TRUE,fp,0.9830566048622132,FALSE,0.9830566048622132
TRUE,fp,0.6821550726890564,FALSE,0.6821550726890564
FALSE,tn,0.9995577931404114,FALSE,4.4220685958862305e-4
FALSE,tn,0.9915128350257874,FALSE,0.008487164974212646
FALSE,tn,0.9998847246170044,FALSE,1.1527538299560547e-4
FALSE,tn,0.9321413040161132,FALSE,0.06785869598388683
FALSE,tn,0.9321413040161132,FALSE,0.06785869598388683
FALSE,tn,0.9998123049736024,FALSE,1.8769502639759406e-4
FALSE,tn,0.9827295541763306,FALSE,0.017270445823669434
FALSE,tn,0.9931979179382324,FALSE,0.006802082061767578
TRUE,fp,0.9857733845710754,FALSE,0.9857733845710754
FALSE,tn,0.9932517409324646,FALSE,0.0067482590675354
FALSE,tn,0.9998186230659484,FALSE,1.813769340516247e-4
FALSE,tn,0.998296558856964,FALSE,0.0017034411430359997
FALSE,tn,0.9999158382415771,FALSE,8.416175842285156e-5
FALSE,tn,0.9995267391204834,FALSE,4.7326087951660156e-4
FALSE,tn,0.7031105160713196,FALSE,0.2968894839286804
FALSE,tn,0.9996734857559204,FALSE,3.2651424407958984e-4
FALSE,tn,0.9998966455459596,FALSE,1.0335445404041632e-4
FALSE,tn,0.981278121471405,FALSE,0.01872187852859497
FALSE,tn,0.9997429251670836,FALSE,2.570748329163708e-4
FALSE,tn,0.9995203018188475,FALSE,4.7969818115245477e-4
FALSE,tn,0.9816104173660278,FALSE,0.018389582633972168
FALSE,tn,0.9950438737869264,FALSE,0.0049561262130736194
FALSE,tn,0.9641107320785522,FALSE,0.035889267921447754
FALSE,tn,0.8502989411354065,FALSE,0.1497010588645935
FALSE,tn,0.9695875644683838,FALSE,0.03041243553161621
FALSE,tn,0.8424730896949768,FALSE,0.1575269103050232
FALSE,tn,0.9981348514556884,FALSE,0.0018651485443116345
TRUE,fp,0.5885879397392273,FALSE,0.5885879397392273
TRUE,fp,0.8646418452262878,FALSE,0.8646418452262878
FALSE,tn,0.8911266326904297,FALSE,0.10887336730957031
FALSE,fn,0.9843155741691588,TRUE,0.015684425830841175
FALSE,tn,0.8967854976654053,FALSE,0.10321450233459473
TRUE,fp,0.54749596118927,FALSE,0.54749596118927
FALSE,tn,0.9955906867980956,FALSE,0.004409313201904408
FALSE,tn,0.9988484382629396,FALSE,0.0011515617370604359
FALSE,tn,0.9162949919700624,FALSE,0.08370500802993763
FALSE,tn,0.9096492528915404,FALSE,0.09035074710845958
FALSE,tn,0.998021960258484,FALSE,0.0019780397415160023
FALSE,tn,0.999904990196228,FALSE,9.500980377197266e-5
FALSE,tn,0.9990447163581848,FALSE,9.552836418151855e-4
TRUE,fp,0.9786787629127502,FALSE,0.9786787629127502
FALSE,fn,0.9990444779396056,TRUE,9.555220603943981e-4
FALSE,fn,0.9993544220924376,TRUE,6.455779075623669e-4
TRUE,fp,0.752148449420929,FALSE,0.752148449420929
TRUE,fp,0.9943976402282716,FALSE,0.9943976402282716
FALSE,tn,0.9998739957809448,FALSE,1.2600421905517578e-4
TRUE,fp,0.7884376645088196,FALSE,0.7884376645088196
TRUE,fp,0.9810088872909546,FALSE,0.9810088872909546
FALSE,tn,0.9998179078102112,FALSE,1.8209218978881836e-4
FALSE,tn,0.9999208450317384,FALSE,7.915496826160773e-5
FALSE,tn,0.9996912479400636,FALSE,3.087520599364124e-4
FALSE,tn,0.998166799545288,FALSE,0.001833200454712025
TRUE,fp,0.7936453819274902,FALSE,0.7936453819274902
FALSE,tn,0.9980859756469728,FALSE,0.0019140243530272327
TRUE,fp,0.9852418303489684,FALSE,0.9852418303489684
FALSE,fn,0.5254527926445007,TRUE,0.47454720735549927
FALSE,tn,0.9995055198669434,FALSE,4.944801330566406e-4
FALSE,tn,0.9565821886062622,FALSE,0.04341781139373779
TRUE,tp,0.9338818788528442,TRUE,0.9338818788528442
FALSE,tn,0.9991986155509948,FALSE,8.01384449005238e-4
FALSE,tn,0.9983409643173218,FALSE,0.0016590356826782227
TRUE,fp,0.995182454586029,FALSE,0.995182454586029
FALSE,tn,0.9982476234436036,FALSE,0.0017523765563963734
TRUE,fp,0.9806503057479858,FALSE,0.9806503057479858
FALSE,tn,0.9988607168197632,FALSE,0.0011392831802368164
TRUE,tp,0.998983919620514,TRUE,0.998983919620514
FALSE,tn,0.9977965354919434,FALSE,0.0022034645080566406
FALSE,tn,0.9861867427825928,FALSE,0.013813257217407227
TRUE,tp,0.95923513174057,TRUE,0.95923513174057
TRUE,fp,0.9953527450561525,FALSE,0.9953527450561525
FALSE,tn,0.9995222091674804,FALSE,4.7779083251964227e-4
FALSE,tn,0.9997404217720032,FALSE,2.5957822799682617e-4
TRUE,tp,0.9993997812271118,TRUE,0.9993997812271118
TRUE,fp,0.9994505047798156,FALSE,0.9994505047798156
FALSE,tn,0.9997615218162536,FALSE,2.384781837464489e-4
TRUE,fp,0.7630955576896667,FALSE,0.7630955576896667
TRUE,fp,0.991526424884796,FALSE,0.991526424884796
FALSE,tn,0.9983270764350892,FALSE,0.0016729235649107776
FALSE,tn,0.9995785355567932,FALSE,4.214644432067871e-4
TRUE,fp,0.9956284761428832,FALSE,0.9956284761428832
TRUE,fp,0.8214259743690491,FALSE,0.8214259743690491
TRUE,fp,0.9423625469207764,FALSE,0.9423625469207764
FALSE,tn,0.99871230125427235,FALSE,0.00128769874572765
FALSE,tn,0.9998704195022584,FALSE,1.295804977415882e-4
FALSE,tn,0.9998834133148192,FALSE,1.1658668518077508e-4
FALSE,tn,0.9281299114227296,FALSE,0.0718700885772704
TRUE,fp,0.9069533944129944,FALSE,0.9069533944129944
TRUE,fp,0.9998123049736024,FALSE,0.9998123049736024
FALSE,tn,0.999913215637207,FALSE,8.678436279296875e-5
FALSE,tn,0.877873420715332,FALSE,0.12212657928466797
FALSE,tn,0.6305829286575317,FALSE,0.36941707134246826
FALSE,tn,0.8479764461517334,FALSE,0.1520235538482666
TRUE,fp,0.98265838623046875,FALSE,0.98265838623046875
TRUE,fp,0.9792673587799072,FALSE,0.9792673587799072
TRUE,fp,0.9947916269302368,FALSE,0.9947916269302368
FALSE,tn,0.959595799446106,FALSE,0.04040420055389404
FALSE,tn,0.9949508905410768,FALSE,0.005049109458923229
FALSE,fn,0.9874709248542786,TRUE,0.012529075145721436
TRUE,fp,0.659920334815979,FALSE,0.659920334815979
FALSE,tn,0.7735669016838074,FALSE,0.22643309831619263
FALSE,tn,0.9972367286682128,FALSE,0.0027632713317872204
FALSE,tn,0.9568569660186768,FALSE,0.04314303398132324
FALSE,fn,0.6208420395851135,TRUE,0.3791579604148865
FALSE,tn,0.8454409241676331,FALSE,0.15455907583236694
TRUE,tp,0.9989088773727416,TRUE,0.9989088773727416
FALSE,tn,0.9998955726623536,FALSE,1.0442733764637335e-4
FALSE,tn,0.9999101161956788,FALSE,8.988380432117804e-5
FALSE,fn,0.999908685684204,TRUE,9.131431579600946e-5
TRUE,fp,0.9980124235153198,FALSE,0.9980124235153198
FALSE,tn,0.99994659423828125,FALSE,5.340576171875e-5
TRUE,fp,0.99456524848938,FALSE,0.99456524848938
FALSE,tn,0.988887369632721,FALSE,0.011112630367279053
FALSE,tn,0.99904865026474,FALSE,9.513497352600098e-4
FALSE,tn,0.9993234872817992,FALSE,6.765127182007946e-4
FALSE,tn,0.9922074675559998,FALSE,0.007792532444000244
FALSE,tn,0.998603880405426,FALSE,0.0013961195945739746
FALSE,tn,0.9894461035728456,FALSE,0.01055389642715443
FALSE,tn,0.9978588223457336,FALSE,0.0021411776542663574
FALSE,tn,0.6810140609741211,FALSE,0.3189859390258789
TRUE,fp,0.9993727803230286,FALSE,0.9993727803230286
FALSE,tn,0.9996200799942015,FALSE,3.7992000579845087e-4
FALSE,tn,0.9994669556617736,FALSE,5.330443382264294e-4
FALSE,tn,0.9796287417411804,FALSE,0.02037125825881958
FALSE,tn,0.9181379675865172,FALSE,0.08186203241348278
FALSE,tn,0.9945683479309082,FALSE,0.005431652069091797
FALSE,tn,0.9984961748123168,FALSE,0.0015038251876832165
FALSE,tn,0.999782145023346,FALSE,2.1785497665405273e-4
FALSE,tn,0.9999216794967652,FALSE,7.832050323475226e-5
FALSE,tn,0.9999206066131592,FALSE,7.939338684082031e-5
FALSE,tn,0.5481415390968323,FALSE,0.4518584609031677
FALSE,tn,0.8457873463630676,FALSE,0.15421265363693237
TRUE,fp,0.9963982105255128,FALSE,0.9963982105255128
TRUE,fp,0.8607208728790283,FALSE,0.8607208728790283
TRUE,fp,0.99806946516037,FALSE,0.99806946516037
TRUE,tp,0.9860407710075378,TRUE,0.9860407710075378
TRUE,fp,0.9192407727241516,FALSE,0.9192407727241516
FALSE,tn,0.9998273253440856,FALSE,1.7267465591441766e-4
TRUE,fp,0.9592874646186828,FALSE,0.9592874646186828
TRUE,fp,0.9608994722366332,FALSE,0.9608994722366332
FALSE,tn,0.993897020816803,FALSE,0.0061029791831970215
FALSE,tn,0.9993211030960084,FALSE,6.788969039915882e-4
FALSE,tn,0.9998478889465332,FALSE,0.00015211105346679688
FALSE,tn,0.9998916387557985,FALSE,1.0836124420154913e-4
FALSE,tn,0.9998279809951782,FALSE,1.7201900482177734e-4
FALSE,tn,0.9999043941497804,FALSE,9.560585021961554e-5
FALSE,tn,0.9999302625656128,FALSE,6.973743438720703e-5
FALSE,tn,0.9998883008956908,FALSE,1.1169910430919305e-4
FALSE,tn,0.9973180890083312,FALSE,0.002681910991668812
FALSE,tn,0.9999274015426636,FALSE,7.259845733642578e-5
FALSE,tn,0.9998733997344972,FALSE,1.2660026550281867e-4
FALSE,tn,0.9993263483047484,FALSE,6.736516952515759e-4
FALSE,tn,0.999841332435608,FALSE,1.5866756439197882e-4
FALSE,tn,0.9998925924301147,FALSE,1.074075698852539e-4
FALSE,tn,0.9999055862426758,FALSE,9.441375732421875e-5
FALSE,tn,0.999045193195343,FALSE,9.548068046569824e-4
FALSE,tn,0.9998416900634766,FALSE,1.583099365234375e-4
FALSE,tn,0.9999239444732666,FALSE,7.605552673339844e-5
FALSE,tn,0.9999402761459352,FALSE,5.9723854064830384e-5
FALSE,tn,0.999786913394928,FALSE,2.1308660507202148e-4
FALSE,tn,0.9997522234916688,FALSE,2.477765083311878e-4
FALSE,tn,0.9998071789741516,FALSE,1.9282102584838867e-4
FALSE,tn,0.9988662004470824,FALSE,0.0011337995529175915
FALSE,tn,0.9981940388679504,FALSE,0.0018059611320495605
FALSE,tn,0.999485731124878,FALSE,5.142688751219593e-4
FALSE,tn,0.9998158812522888,FALSE,1.8411874771118164e-4
FALSE,tn,0.9998233914375304,FALSE,1.7660856246959344e-4
FALSE,tn,0.9996906518936156,FALSE,3.0934810638438837e-4
FALSE,tn,0.9984413981437684,FALSE,0.0015586018562315784
FALSE,tn,0.9982093572616576,FALSE,0.0017906427383423962
FALSE,tn,0.9997765421867372,FALSE,2.2345781326282843e-4
TRUE,fp,0.735136866569519,FALSE,0.735136866569519
TRUE,fp,0.8812671899795532,FALSE,0.8812671899795532
FALSE,tn,0.999683141708374,FALSE,3.1685829162597656e-4
FALSE,tn,0.999862551689148,FALSE,1.3744831085205078e-4
FALSE,tn,0.9997478127479552,FALSE,2.5218725204478876e-4
FALSE,tn,0.9998936653137208,FALSE,1.0633468627918585e-4
FALSE,tn,0.9997848868370056,FALSE,2.1511316299438477e-4
FALSE,tn,0.999610722064972,FALSE,3.8927793502796515e-4
FALSE,tn,0.9923151731491088,FALSE,0.007684826850891224
FALSE,tn,0.9986873269081116,FALSE,0.0013126730918884277
FALSE,tn,0.9827799797058104,FALSE,0.017220020294189564
FALSE,tn,0.9997263550758362,FALSE,2.7364492416381836e-4
FALSE,tn,0.9966596364974976,FALSE,0.0033403635025024414
TRUE,fp,0.6443764567375183,FALSE,0.6443764567375183
FALSE,tn,0.9992947578430176,FALSE,7.052421569824219e-4
FALSE,tn,0.9998782873153688,FALSE,1.2171268463123663e-4
FALSE,tn,0.9958667755126952,FALSE,0.0041332244873047985
FALSE,tn,0.999785840511322,FALSE,2.1415948867797852e-4
FALSE,tn,0.9986868500709534,FALSE,0.0013131499290466309
FALSE,tn,0.9980708956718444,FALSE,0.0019291043281556286
FALSE,tn,0.9997815489768982,FALSE,2.1845102310180664e-4
FALSE,tn,0.999508023262024,FALSE,4.919767379759632e-4
FALSE,tn,0.999444544315338,FALSE,5.554556846619763e-4
FALSE,tn,0.99913090467453,FALSE,8.690953254699707e-4
FALSE,tn,0.9989062547683716,FALSE,0.001093745231628418
FALSE,tn,0.9990725517272948,FALSE,9.274482727051891e-4
FALSE,tn,0.9997206330299376,FALSE,2.793669700623669e-4
FALSE,tn,0.9990730285644532,FALSE,9.26971435546764e-4
FALSE,tn,0.9990443587303162,FALSE,9.556412696838379e-4
FALSE,tn,0.9997795224189758,FALSE,2.2047758102416992e-4
FALSE,tn,0.9991462230682372,FALSE,8.537769317628063e-4
FALSE,tn,0.9981923699378968,FALSE,0.0018076300621031605
FALSE,tn,0.9974547028541564,FALSE,0.002545297145843617
FALSE,tn,0.99968159198761,FALSE,3.184080123900257e-4
FALSE,tn,0.7707436084747314,FALSE,0.22925639152526855
FALSE,tn,0.99245023727417,FALSE,0.007549762725829967
FALSE,tn,0.9994268417358398,FALSE,0.00057315826416015625
FALSE,tn,0.9999356269836426,FALSE,6.4373016357421875e-05
FALSE,tn,0.9991379976272584,FALSE,8.620023727415882e-4
FALSE,tn,0.9996457099914552,FALSE,3.5429000854481085e-4
FALSE,tn,0.9997536540031432,FALSE,2.463459968568005e-4
FALSE,tn,0.9997219443321228,FALSE,2.7805566787719727e-4
FALSE,tn,0.9997881054878236,FALSE,2.1189451217640265e-4
FALSE,tn,0.9999252557754515,FALSE,7.474422454845087e-5
FALSE,tn,0.9998682737350464,FALSE,1.3172626495361328e-4
FALSE,tn,0.9997952580451964,FALSE,2.0474195480357782e-4
FALSE,tn,0.9998660087585448,FALSE,1.3399124145518915e-4
FALSE,tn,0.9998633861541748,FALSE,1.366138458251953e-4
FALSE,tn,0.999846577644348,FALSE,1.534223556519665e-4
FALSE,tn,0.9997647404670716,FALSE,2.3525953292835577e-4
FALSE,tn,0.999796450138092,FALSE,2.0354986190795898e-4
FALSE,tn,0.9998844861984252,FALSE,1.1551380157481805e-4
FALSE,tn,0.9996718168258668,FALSE,3.2818317413318976e-4
FALSE,tn,0.9998207688331604,FALSE,1.792311668395996e-4
FALSE,tn,0.9993745684623718,FALSE,6.254315376281738e-4
FALSE,tn,0.9999476671218872,FALSE,5.233287811279297e-5
FALSE,tn,0.9997337460517884,FALSE,2.662539482115589e-4
FALSE,tn,0.9998666048049928,FALSE,1.333951950072132e-4
FALSE,tn,0.9997567534446716,FALSE,2.4324655532836914e-4
FALSE,tn,0.9999285936355592,FALSE,7.140636444080695e-5
FALSE,tn,0.9989615678787231,FALSE,0.0010384321212768555
FALSE,tn,0.9998612403869628,FALSE,1.387596130372204e-4
FALSE,tn,0.9999306201934814,FALSE,6.937980651855469e-5
FALSE,tn,0.9970966577529908,FALSE,0.0029033422470091663
FALSE,tn,0.9999464750289916,FALSE,5.3524971008411804e-5
FALSE,tn,0.9998862743377686,FALSE,1.1372566223144531e-4
FALSE,tn,0.9998495578765868,FALSE,1.5044212341319696e-4
FALSE,tn,0.99892657995224,FALSE,0.0010734200477600098
FALSE,tn,0.9999165534973145,FALSE,8.3446502685546875e-05
FALSE,tn,0.9999046325683594,FALSE,9.5367431640625e-5
FALSE,tn,0.9974017143249512,FALSE,0.002598285675048828
FALSE,tn,0.998498558998108,FALSE,0.0015014410018919788
FALSE,tn,0.9998101592063904,FALSE,1.8984079360961914e-4
FALSE,tn,0.9997827410697936,FALSE,2.1725893020640985e-4
FALSE,tn,0.9995269775390624,FALSE,4.73022460937611e-4
FALSE,tn,0.8421957492828369,FALSE,0.15780425071716309
TRUE,fp,0.9037297964096068,FALSE,0.9037297964096068
FALSE,tn,0.9981648325920104,FALSE,0.001835167407989613
FALSE,tn,0.9928972721099854,FALSE,0.0071027278900146484
FALSE,tn,0.9964827299118042,FALSE,0.0035172700881958008
FALSE,tn,0.999799907207489,FALSE,2.0009279251098633e-4
FALSE,tn,0.9998878240585328,FALSE,1.1217594146717413e-4
FALSE,tn,0.9989914298057556,FALSE,0.0010085701942443848
FALSE,tn,0.9999051094055176,FALSE,9.4890594482421875e-05
FALSE,tn,0.9997184872627258,FALSE,2.815127372741699e-4
FALSE,tn,0.9999467134475708,FALSE,5.328655242919922e-5
FALSE,tn,0.9066408276557922,FALSE,0.09335917234420776
FALSE,tn,0.981500506401062,FALSE,0.01849949359893799
FALSE,tn,0.9998873472213744,FALSE,1.126527786255993e-4
FALSE,tn,0.9987078905105592,FALSE,0.001292109489440807
FALSE,tn,0.8761411309242249,FALSE,0.12385886907577515
FALSE,tn,0.9998915195465088,FALSE,1.0848045349121094e-4
FALSE,tn,0.9995267391204834,FALSE,4.7326087951660156e-4
FALSE,tn,0.9601876139640808,FALSE,0.03981238603591919
FALSE,tn,0.8406577110290527,FALSE,0.15934228897094727
FALSE,tn,0.9998160004615784,FALSE,1.8399953842163086e-4
FALSE,tn,0.9998160004615784,FALSE,1.8399953842163086e-4
FALSE,tn,0.999852418899536,FALSE,1.475811004639782e-4
FALSE,tn,0.9995781779289246,FALSE,4.2182207107543945e-4
FALSE,tn,0.999606192111969,FALSE,3.9380788803100586e-4
FALSE,tn,0.9998835325241088,FALSE,1.164674758912243e-4
FALSE,tn,0.9996609687805176,FALSE,3.390312194824219e-4
FALSE,tn,0.9983945488929749,FALSE,0.0016054511070251465
FALSE,tn,0.9998993873596193,FALSE,1.0061264038074835e-4
FALSE,tn,0.9987996816635132,FALSE,0.0012003183364868164
FALSE,tn,0.9998539686203004,FALSE,1.46031379699596e-4
FALSE,tn,0.9998770952224731,FALSE,1.2290477752685547e-4
FALSE,tn,0.8358789086341858,FALSE,0.1641210913658142
FALSE,tn,0.9998856782913208,FALSE,1.1432170867919922e-4
FALSE,tn,0.99987030029296875,FALSE,1.2969970703125e-4
FALSE,tn,0.9998730421066284,FALSE,1.2695789337158203e-4
FALSE,tn,0.9998785257339478,FALSE,1.214742660522461e-4
FALSE,tn,0.9972776770591736,FALSE,0.002722322940826416
FALSE,tn,0.992525577545166,FALSE,0.007474422454833984
FALSE,tn,0.9998875856399536,FALSE,1.1241436004638672e-4
FALSE,tn,0.9895464777946472,FALSE,0.010453522205352783
FALSE,tn,0.9998762607574464,FALSE,1.2373924255359992e-4
FALSE,tn,0.9998481273651124,FALSE,1.518726348875843e-4
FALSE,tn,0.9997864365577698,FALSE,2.135634422302246e-4
FALSE,tn,0.999886989593506,FALSE,1.130104064940296e-4
FALSE,tn,0.9999195337295532,FALSE,8.046627044677734e-5
FALSE,tn,0.9999147653579712,FALSE,8.52346420288086e-5
FALSE,tn,0.9998958110809326,FALSE,1.0418891906738281e-4
FALSE,tn,0.999830722808838,FALSE,1.6927719116199835e-4
FALSE,tn,0.9998536109924316,FALSE,0.00014638900756835938
FALSE,tn,0.999740183353424,FALSE,2.5981664657603876e-4
FALSE,tn,0.9998695850372314,FALSE,1.304149627685547e-4
FALSE,tn,0.9997367262840272,FALSE,2.6327371597278937e-4
FALSE,tn,0.9998722076416016,FALSE,1.277923583984375e-4
FALSE,tn,0.9998792409896852,FALSE,1.2075901031483038e-4
FALSE,tn,0.9998693466186525,FALSE,1.3065338134754523e-4
FALSE,tn,0.9997515082359314,FALSE,2.484917640686035e-4
FALSE,tn,0.9999215602874756,FALSE,7.843971252441406e-5
FALSE,tn,0.9998419284820556,FALSE,1.5807151794444696e-4
FALSE,tn,0.999946355819702,FALSE,5.3644180297962585e-5
FALSE,tn,0.9999185800552368,FALSE,8.14199447631836e-5
FALSE,tn,0.9998723268508912,FALSE,1.276731491087757e-4
FALSE,tn,0.9998511075973512,FALSE,1.4889240264881476e-4
FALSE,tn,0.9998040795326232,FALSE,1.9592046737682e-4
FALSE,tn,0.99991607666015625,FALSE,8.392333984375e-5
FALSE,tn,0.9998375177383424,FALSE,1.6248226165760382e-4
FALSE,tn,0.9999290704727172,FALSE,7.092952728282587e-5
FALSE,tn,0.9997169375419616,FALSE,2.830624580384411e-4
FALSE,tn,0.9999101161956788,FALSE,8.988380432117804e-5
FALSE,tn,0.9999055862426758,FALSE,9.441375732421875e-5
FALSE,tn,0.9999288320541382,FALSE,7.11679458618164e-5
FALSE,tn,0.999792754650116,FALSE,2.072453498840332e-4
FALSE,tn,0.9999477863311768,FALSE,5.221366882324219e-5
FALSE,tn,0.999929904937744,FALSE,7.00950622559704e-5
FALSE,tn,0.9998551607131958,FALSE,1.4483928680419922e-4
FALSE,tn,0.9992140531539916,FALSE,7.859468460084118e-4
FALSE,tn,0.999898076057434,FALSE,1.0192394256602899e-4
FALSE,tn,0.9997779726982116,FALSE,2.220273017884411e-4
FALSE,tn,0.9999207258224488,FALSE,7.927417755115851e-5
FALSE,tn,0.9999431371688844,FALSE,5.6862831115611634e-5
FALSE,tn,0.999944806098938,FALSE,5.519390106201172e-5
FALSE,tn,0.999898076057434,FALSE,1.0192394256602899e-4
FALSE,tn,0.9998835325241088,FALSE,1.164674758912243e-4
FALSE,tn,0.9998892545700072,FALSE,1.107454299927868e-4
FALSE,tn,0.9999161958694458,FALSE,8.380413055419922e-5
FALSE,tn,0.9998181462287904,FALSE,1.8185377120960577e-4
FALSE,tn,0.999674916267395,FALSE,3.2508373260498047e-4
FALSE,tn,0.9997608065605164,FALSE,2.3919343948364258e-4
FALSE,tn,0.9999233484268188,FALSE,7.665157318115234e-5
FALSE,tn,0.9993866682052612,FALSE,6.133317947387695e-4
FALSE,tn,0.999549925327301,FALSE,4.500746726989746e-4
FALSE,tn,0.9998867511749268,FALSE,1.1324882507324219e-4
FALSE,tn,0.9999402761459352,FALSE,5.9723854064830384e-5
FALSE,tn,0.9997901320457458,FALSE,2.098679542541504e-4
FALSE,tn,0.9998981952667236,FALSE,1.0180473327636719e-4
FALSE,tn,0.999908685684204,FALSE,9.131431579600946e-5
FALSE,tn,0.9999258518218994,FALSE,7.414817810058594e-5
FALSE,tn,0.999945878982544,FALSE,5.412101745605469e-5
FALSE,tn,0.9999358654022216,FALSE,6.413459777843133e-5
FALSE,tn,0.9997666478157043,FALSE,2.333521842956543e-4
FALSE,tn,0.999929428100586,FALSE,7.057189941395148e-5
FALSE,tn,0.9999241828918456,FALSE,7.58171081544079e-5
FALSE,tn,0.9999374151229858,FALSE,6.258487701416016e-5
FALSE,tn,0.9998340606689452,FALSE,1.6593933105479852e-4
FALSE,tn,0.9999163150787354,FALSE,8.368492126464844e-5
FALSE,tn,0.9998905658721924,FALSE,1.0943412780761719e-4
FALSE,tn,0.999766767024994,FALSE,2.332329750059925e-4
FALSE,tn,0.9999452829360962,FALSE,5.4717063903808594e-5
FALSE,tn,0.9999104738235474,FALSE,8.952617645263672e-5
FALSE,tn,0.9976578950881958,FALSE,0.0023421049118041992
FALSE,tn,0.999886393547058,FALSE,1.1360645294200555e-4
FALSE,tn,0.9998973608016968,FALSE,1.0263919830322266e-4
FALSE,tn,0.9998119473457336,FALSE,1.8805265426635742e-4
FALSE,tn,0.9999110698699952,FALSE,8.893013000477179e-5
FALSE,tn,0.9998977184295654,FALSE,1.0228157043457031e-4
FALSE,tn,0.9999157190322876,FALSE,8.428096771240234e-5
FALSE,tn,0.999934196472168,FALSE,6.580352783203125e-5
FALSE,tn,0.9998886585235596,FALSE,1.1134147644042969e-4
FALSE,tn,0.999460995197296,FALSE,5.390048027039684e-4
FALSE,tn,0.9996240139007568,FALSE,3.7598609924316406e-4
FALSE,tn,0.999787986278534,FALSE,2.1201372146595343e-4
FALSE,tn,0.9998180270195008,FALSE,1.8197298049915656e-4
FALSE,tn,0.9999361038208008,FALSE,6.389617919921875e-5
FALSE,tn,0.9996591806411744,FALSE,3.4081935882557257e-4
FALSE,tn,0.9999287128448486,FALSE,7.128715515136719e-5
FALSE,tn,0.9998612403869628,FALSE,1.387596130372204e-4
FALSE,tn,0.9998718500137328,FALSE,1.2814998626720087e-4
FALSE,tn,0.9998799562454224,FALSE,1.2004375457763672e-4
FALSE,tn,0.9998313188552856,FALSE,1.6868114471435547e-4
FALSE,tn,0.999913454055786,FALSE,8.654594421397821e-5
FALSE,tn,0.9999152421951294,FALSE,8.475780487060547e-5
FALSE,tn,0.9998351335525512,FALSE,1.648664474488415e-4
FALSE,tn,0.9999041557312012,FALSE,9.5844268798828125e-05
FALSE,tn,0.999869465827942,FALSE,1.3053417205799445e-4
FALSE,tn,0.99983978271484375,FALSE,1.6021728515625e-4
FALSE,tn,0.9999110698699952,FALSE,8.893013000477179e-5
FALSE,tn,0.9998480081558228,FALSE,1.519918441772461e-4
FALSE,tn,0.9997082352638244,FALSE,2.9176473617564813e-4
FALSE,tn,0.999891757965088,FALSE,1.0824203491199835e-4
FALSE,tn,0.9999592304229736,FALSE,4.076957702636719e-5
FALSE,tn,0.9999042749404908,FALSE,9.572505950916632e-5
FALSE,tn,0.999842405319214,FALSE,1.575946807860218e-4
FALSE,tn,0.9991363883018494,FALSE,8.636116981506348e-4
FALSE,tn,0.999801218509674,FALSE,1.9878149032603876e-4
FALSE,tn,0.9998741149902344,FALSE,1.25885009765625e-4
FALSE,tn,0.99667090177536,FALSE,0.0033290982246400036
FALSE,tn,0.976961076259613,FALSE,0.023038923740386963
FALSE,tn,0.9997729659080504,FALSE,2.270340919495739e-4
FALSE,tn,0.9900406002998352,FALSE,0.009959399700164795
FALSE,tn,0.9997314810752868,FALSE,2.685189247132458e-4
FALSE,tn,0.999171018600464,FALSE,8.289813995360218e-4
FALSE,tn,0.999184787273407,FALSE,8.152127265930176e-4
FALSE,tn,0.9993816614151,FALSE,6.183385849000134e-4
FALSE,tn,0.9998347759246826,FALSE,1.652240753173828e-4
FALSE,tn,0.9747784733772278,FALSE,0.025221526622772217
FALSE,tn,0.9998496770858764,FALSE,1.5032291412364618e-4
FALSE,tn,0.9999175071716307,FALSE,8.249282836925165e-5
FALSE,tn,0.9994601607322692,FALSE,5.398392677308239e-4
FALSE,tn,0.9998711347579956,FALSE,1.2886524200439453e-4
FALSE,tn,0.9998078942298888,FALSE,1.92105770111195e-4
FALSE,tn,0.9999063014984132,FALSE,9.369850158680304e-5
TRUE,tp,0.9994586110115052,TRUE,0.9994586110115052
FALSE,tn,0.5997698903083801,FALSE,0.4002301096916199
FALSE,tn,0.9987892508506776,FALSE,0.0012107491493223987
TRUE,fp,0.9987236857414246,FALSE,0.9987236857414246
FALSE,tn,0.9969111084938048,FALSE,0.0030888915061951794
FALSE,tn,0.9993823766708374,FALSE,6.176233291625977e-4
FALSE,tn,0.9999336004257202,FALSE,6.639957427978516e-5
FALSE,tn,0.989934504032135,FALSE,0.01006549596786499
FALSE,tn,0.99575042724609375,FALSE,0.00424957275390625
FALSE,tn,0.9998610019683838,FALSE,1.3899803161621094e-4
FALSE,tn,0.983267605304718,FALSE,0.016732394695281982
FALSE,tn,0.9839118123054504,FALSE,0.01608818769454956
FALSE,tn,0.9998117089271544,FALSE,1.8829107284557e-4
FALSE,tn,0.9998949766159058,FALSE,1.0502338409423828e-4
FALSE,tn,0.9997276663780212,FALSE,2.7233362197875977e-4
FALSE,tn,0.995640993118286,FALSE,0.004359006881713978
FALSE,tn,0.9990708827972412,FALSE,9.291172027587891e-4
FALSE,tn,0.9998725652694702,FALSE,1.2743473052978516e-4
FALSE,tn,0.99964439868927,FALSE,3.5560131072998047e-4
FALSE,tn,0.999006450176239,FALSE,9.935498237609863e-4
FALSE,tn,0.9998971223831176,FALSE,1.0287761688243524e-4
FALSE,tn,0.9998878240585328,FALSE,1.1217594146717413e-4
FALSE,tn,0.9981610178947448,FALSE,0.001838982105255238
FALSE,tn,0.9998096823692322,FALSE,1.9031763076782227e-4
FALSE,tn,0.9999345541000366,FALSE,6.54458999633789e-5
FALSE,tn,0.9999520778656006,FALSE,4.792213439941406e-5
FALSE,tn,0.9991542100906372,FALSE,8.45789909362793e-4
FALSE,tn,0.9956753849983216,FALSE,0.004324615001678356
TRUE,fp,0.9874628186225892,FALSE,0.9874628186225892
TRUE,fp,0.6939922571182251,FALSE,0.6939922571182251
FALSE,tn,0.999932050704956,FALSE,6.794929504394531e-5
FALSE,tn,0.9999207258224488,FALSE,7.927417755115851e-5
FALSE,tn,0.9726380109786988,FALSE,0.02736198902130116
FALSE,tn,0.9999105930328368,FALSE,8.940696716319696e-5
FALSE,fn,0.999700665473938,TRUE,2.993345260620117e-4
FALSE,tn,0.997229278087616,FALSE,0.002770721912384033
FALSE,tn,0.9998940229415894,FALSE,1.0597705841064453e-4
FALSE,tn,0.9998078942298888,FALSE,1.92105770111195e-4
FALSE,tn,0.9999347925186156,FALSE,6.520748138438837e-5
FALSE,tn,0.9997546076774596,FALSE,2.453923225403942e-4
FALSE,tn,0.9997987151145936,FALSE,2.0128488540638312e-4
TRUE,fp,0.877131462097168,FALSE,0.877131462097168
FALSE,tn,0.999762237071991,FALSE,2.377629280090332e-4
TRUE,fp,0.9991082549095154,FALSE,0.9991082549095154
FALSE,tn,0.9997223019599916,FALSE,2.776980400084339e-4
FALSE,tn,0.99983978271484375,FALSE,1.6021728515625e-4
FALSE,tn,0.9913028478622437,FALSE,0.008697152137756348
FALSE,tn,0.9991648197174072,FALSE,8.351802825927734e-4
TRUE,fp,0.9678346514701844,FALSE,0.9678346514701844
FALSE,fn,0.9853374361991882,TRUE,0.014662563800811768
FALSE,fn,0.9959671497344972,TRUE,0.004032850265502819
TRUE,fp,0.9989485144615172,FALSE,0.9989485144615172
TRUE,fp,0.986182689666748,FALSE,0.986182689666748
FALSE,tn,0.9846324920654296,FALSE,0.015367507934570424
FALSE,tn,0.9885452389717102,FALSE,0.011454761028289795
FALSE,tn,0.9992954730987548,FALSE,7.045269012452282e-4
FALSE,tn,0.9990524649620056,FALSE,9.475350379943848e-4
TRUE,fp,0.8754029870033264,FALSE,0.8754029870033264
FALSE,tn,0.9996168613433838,FALSE,3.8313865661621094e-4
FALSE,tn,0.9998561143875122,FALSE,1.4388561248779297e-4
FALSE,tn,0.9997822642326356,FALSE,2.1773576736439093e-4
FALSE,tn,0.9999239444732666,FALSE,7.605552673339844e-5
FALSE,tn,0.9986525774002076,FALSE,0.0013474225997923694
FALSE,tn,0.9998762607574464,FALSE,1.2373924255359992e-4
TRUE,fp,0.9494020342826844,FALSE,0.9494020342826844
FALSE,tn,0.9998834133148192,FALSE,1.1658668518077508e-4
FALSE,tn,0.9996035695075988,FALSE,3.9643049240123407e-4
FALSE,tn,0.9999324083328248,FALSE,6.759166717518195e-5
FALSE,tn,0.9997931122779846,FALSE,2.0688772201538086e-4
TRUE,fp,0.974311888217926,FALSE,0.974311888217926
FALSE,tn,0.9998824596405028,FALSE,1.1754035949718133e-4
FALSE,tn,0.9992399215698242,FALSE,0.00076007843017578125
FALSE,tn,0.9996626377105712,FALSE,3.3736228942882196e-4
FALSE,tn,0.9999090433120728,FALSE,9.09566879272461e-5
FALSE,tn,0.5321125388145447,FALSE,0.4678874611854553
FALSE,tn,0.999948024749756,FALSE,5.19752502440296e-5
FALSE,tn,0.9998481273651124,FALSE,1.518726348875843e-4
FALSE,tn,0.671177089214325,FALSE,0.32882291078567505
FALSE,tn,0.9998992681503296,FALSE,1.0073184967041016e-4
FALSE,tn,0.9999312162399292,FALSE,6.878376007080078e-5
FALSE,tn,0.9999091625213624,FALSE,9.083747863758429e-5
FALSE,tn,0.9998775720596312,FALSE,1.2242794036876337e-4
FALSE,tn,0.9998376369476318,FALSE,1.6236305236816406e-4
FALSE,tn,0.9994877576828004,FALSE,5.12242317199596e-4
FALSE,tn,0.9980879426002502,FALSE,0.0019120573997497559
FALSE,tn,0.9998914003372192,FALSE,1.0859966278076172e-4
FALSE,tn,0.9998655319213868,FALSE,1.3446807861317023e-4
FALSE,tn,0.9993441700935364,FALSE,6.55829906463623e-4
FALSE,tn,0.9960311055183412,FALSE,0.0039688944816588245
FALSE,tn,0.9050861597061156,FALSE,0.09491384029388439
FALSE,tn,0.9998366832733154,FALSE,1.633167266845703e-4
FALSE,tn,0.9990280866622924,FALSE,9.719133377076306e-4
FALSE,tn,0.9998663663864136,FALSE,1.3363361358642578e-4
TRUE,fp,0.9884526133537292,FALSE,0.9884526133537292
FALSE,tn,0.9995711445808412,FALSE,4.288554191588245e-4
FALSE,tn,0.999586284160614,FALSE,4.1371583938598633e-4
FALSE,tn,0.9485880732536316,FALSE,0.05141192674636841
FALSE,tn,0.999902844429016,FALSE,9.715557098399774e-5
FALSE,tn,0.9998623132705688,FALSE,1.3768672943115234e-4
FALSE,tn,0.9997610449790956,FALSE,2.3895502090443e-4
FALSE,tn,0.9999285936355592,FALSE,7.140636444080695e-5
FALSE,tn,0.9996567964553832,FALSE,3.4320354461681024e-4
FALSE,tn,0.9998281002044678,FALSE,1.7189979553222656e-4
FALSE,tn,0.9998621940612792,FALSE,1.3780593872081415e-4
FALSE,tn,0.9995099306106568,FALSE,4.900693893431507e-4
FALSE,tn,0.999594271183014,FALSE,4.0572881698597296e-4
FALSE,tn,0.9998247027397156,FALSE,1.7529726028442383e-4
FALSE,tn,0.9997240900993348,FALSE,2.759099006651722e-4
FALSE,tn,0.999884843826294,FALSE,1.1515617370605469e-4
FALSE,tn,0.9999276399612428,FALSE,7.23600387572132e-5
FALSE,tn,0.9931575655937196,FALSE,0.0068424344062804066
FALSE,tn,0.999006688594818,FALSE,9.933114051819958e-4
FALSE,tn,0.9999427795410156,FALSE,5.7220458984375e-5
TRUE,tp,0.9963324666023254,TRUE,0.9963324666023254
FALSE,tn,0.8999055027961731,FALSE,0.1000944972038269
FALSE,tn,0.9998939037322998,FALSE,1.0609626770019531e-4
FALSE,tn,0.99993097782135,FALSE,6.902217865001337e-5
FALSE,tn,0.9155144691467284,FALSE,0.0844855308532716
FALSE,tn,0.9997262358665466,FALSE,2.7376413345336914e-4
FALSE,tn,0.999858856201172,FALSE,1.4114379882801398e-4
FALSE,tn,0.9996649026870728,FALSE,3.350973129272461e-4
FALSE,tn,0.9997684359550476,FALSE,2.3156404495239258e-4
TRUE,fp,0.9982033967971802,FALSE,0.9982033967971802
FALSE,tn,0.9991130232810974,FALSE,8.869767189025879e-4
FALSE,tn,0.9996895790100098,FALSE,3.104209899902344e-4
FALSE,tn,0.998627781867981,FALSE,0.001372218132019043
TRUE,fp,0.9973537921905518,FALSE,0.9973537921905518
FALSE,tn,0.9995952248573304,FALSE,4.047751426695667e-4
FALSE,tn,0.9998979568481444,FALSE,1.0204315185557977e-4
FALSE,tn,0.999908685684204,FALSE,9.131431579600946e-5
FALSE,tn,0.9605019092559814,FALSE,0.039498090744018555
TRUE,fp,0.9994951486587524,FALSE,0.9994951486587524
TRUE,fp,0.5762513279914856,FALSE,0.5762513279914856
FALSE,tn,0.9996606111526488,FALSE,3.3938884735118524e-4
FALSE,tn,0.9995039701461792,FALSE,4.960298538208008e-4
FALSE,tn,0.9995386600494384,FALSE,4.6133995056163446e-4
TRUE,fp,0.9993883371353148,FALSE,0.9993883371353148
FALSE,tn,0.9999319314956664,FALSE,6.806850433360712e-5
FALSE,tn,0.9999468326568604,FALSE,5.316734313964844e-5
FALSE,tn,0.9916751384735109,FALSE,0.008324861526489147
FALSE,tn,0.997759222984314,FALSE,0.002240777015686035
FALSE,fn,0.9998364448547364,TRUE,1.6355514526356085e-4
FALSE,tn,0.999920129776001,FALSE,7.987022399902344e-5
FALSE,tn,0.9996095299720764,FALSE,3.90470027923584e-4
FALSE,fn,0.9996095299720764,TRUE,3.90470027923584e-4
FALSE,tn,0.9854767918586732,FALSE,0.014523208141326793
FALSE,tn,0.7705772519111633,FALSE,0.22942274808883667
FALSE,tn,0.9994189739227296,FALSE,5.810260772703968e-4
FALSE,tn,0.9993364214897156,FALSE,6.635785102844238e-4
FALSE,tn,0.9999256134033204,FALSE,7.438659667957648e-5
FALSE,tn,0.9998548030853271,FALSE,1.4519691467285156e-4
FALSE,tn,0.999761402606964,FALSE,2.385973930359997e-4
FALSE,tn,0.9358295798301696,FALSE,0.06417042016983043
FALSE,tn,0.995233118534088,FALSE,0.004766881465911976
FALSE,tn,0.994882345199585,FALSE,0.005117654800415039
FALSE,tn,0.9997863173484802,FALSE,2.136826515197754e-4
FALSE,tn,0.9994840621948242,FALSE,0.00051593780517578125
FALSE,tn,0.999707281589508,FALSE,2.927184104920544e-4
FALSE,tn,0.997563362121582,FALSE,0.0024366378784179688
FALSE,tn,0.9997780919075012,FALSE,2.219080924987793e-4
FALSE,tn,0.9997205138206482,FALSE,2.7948617935180664e-4
FALSE,tn,0.9998414516448976,FALSE,1.5854835510242804e-4
FALSE,fn,0.9747470617294312,TRUE,0.025252938270568848
FALSE,tn,0.9998726844787598,FALSE,0.00012731552124023438
TRUE,fp,0.9365626573562622,FALSE,0.9365626573562622
FALSE,tn,0.9998064637184144,FALSE,1.9353628158558234e-4
FALSE,tn,0.9997979998588562,FALSE,2.0200014114379883e-4
FALSE,tn,0.9998733997344972,FALSE,1.2660026550281867e-4
FALSE,tn,0.9997041821479796,FALSE,2.958178520203747e-4
FALSE,tn,0.9999374151229858,FALSE,6.258487701416016e-5
FALSE,tn,0.9998822212219238,FALSE,0.00011777877807617188
FALSE,tn,0.99901282787323,FALSE,9.871721267700195e-4
FALSE,tn,0.9998819828033448,FALSE,1.1801719665516242e-4
FALSE,tn,0.9990943670272828,FALSE,9.056329727171741e-4
FALSE,tn,0.7536621689796448,FALSE,0.24633783102035522
FALSE,tn,0.9999126195907592,FALSE,8.738040924083368e-5
FALSE,tn,0.7888873815536499,FALSE,0.2111126184463501
FALSE,tn,0.9996165037155152,FALSE,3.8349628448475226e-4
FALSE,tn,0.9989755153656006,FALSE,0.001024484634399414
TRUE,fp,0.9984853863716124,FALSE,0.9984853863716124
FALSE,tn,0.9998522996902466,FALSE,1.4770030975341797e-4
FALSE,tn,0.9825040698051452,FALSE,0.017495930194854847
FALSE,tn,0.9998098015785216,FALSE,1.901984214783825e-4
FALSE,tn,0.999894380569458,FALSE,1.0561943054199219e-4
FALSE,tn,0.9989868998527528,FALSE,0.0010131001472472034
FALSE,tn,0.9526747465133668,FALSE,0.04732525348663319
FALSE,tn,0.9985597729682922,FALSE,0.0014402270317077637
FALSE,tn,0.9996292591094972,FALSE,3.7074089050281867e-4
FALSE,tn,0.9998908042907716,FALSE,1.091957092284046e-4
FALSE,tn,0.9998376369476318,FALSE,1.6236305236816406e-4
FALSE,tn,0.999934196472168,FALSE,6.580352783203125e-5
FALSE,tn,0.9998452663421632,FALSE,1.5473365783680304e-4
FALSE,tn,0.9996601343154908,FALSE,3.398656845091663e-4
FALSE,tn,0.9998596906661988,FALSE,1.403093338011585e-4
FALSE,tn,0.9998587369918824,FALSE,1.4126300811756476e-4
FALSE,tn,0.9936290383338928,FALSE,0.006370961666107178
FALSE,tn,0.9999154806137084,FALSE,8.451938629161493e-5
FALSE,tn,0.9998880624771118,FALSE,1.119375228881836e-4
FALSE,tn,0.9984862208366394,FALSE,0.0015137791633605957
FALSE,tn,0.9998180270195008,FALSE,1.8197298049915656e-4
FALSE,tn,0.9998979568481444,FALSE,1.0204315185557977e-4
FALSE,tn,0.995245635509491,FALSE,0.004754364490509033
FALSE,tn,0.9995977282524108,FALSE,4.0227174758922235e-4
FALSE,tn,0.999600112438202,FALSE,3.998875617979847e-4
FALSE,tn,0.9998214840888976,FALSE,1.7851591110240594e-4
FALSE,tn,0.9998080134391784,FALSE,1.9198656082164423e-4
FALSE,tn,0.9998645782470704,FALSE,1.3542175292957648e-4
FALSE,tn,0.99917334318161,FALSE,8.266568183900036e-4
FALSE,tn,0.999925136566162,FALSE,7.486343383800165e-5
FALSE,tn,0.9991570711135864,FALSE,8.429288864135742e-4
FALSE,tn,0.9997537732124328,FALSE,2.462267875672497e-4
FALSE,tn,0.9998781681060792,FALSE,1.2183189392078742e-4
FALSE,tn,0.999710977077484,FALSE,2.8902292251598016e-4
FALSE,tn,0.9994288086891174,FALSE,5.711913108825684e-4
FALSE,tn,0.9989743232727052,FALSE,0.0010256767272948109
FALSE,tn,0.9998847246170044,FALSE,1.1527538299560547e-4
FALSE,tn,0.9998953342437744,FALSE,1.0466575622558594e-4
FALSE,tn,0.9998549222946168,FALSE,1.4507770538318976e-4
FALSE,tn,0.999901533126831,FALSE,9.846687316894531e-5
FALSE,tn,0.9998500347137452,FALSE,1.499652862547718e-4
FALSE,tn,0.9998658895492554,FALSE,1.341104507446289e-4
FALSE,tn,0.9996504783630372,FALSE,3.495216369627796e-4
FALSE,tn,0.999817669391632,FALSE,1.8233060836803094e-4
FALSE,tn,0.999915361404419,FALSE,8.463859558105469e-5
TRUE,fp,0.9879034161567688,FALSE,0.9879034161567688
FALSE,tn,0.999925136566162,FALSE,7.486343383800165e-5
FALSE,tn,0.9998385906219482,FALSE,1.614093780517578e-4
FALSE,tn,0.9997578263282776,FALSE,2.421736717224121e-4
FALSE,tn,0.999823272228241,FALSE,1.767277717590332e-4
FALSE,tn,0.998445451259613,FALSE,0.0015545487403869629
FALSE,tn,0.9999096393585204,FALSE,9.036064147960321e-5
FALSE,tn,0.999825656414032,FALSE,1.7434358596801758e-4
FALSE,tn,0.9999146461486816,FALSE,8.5353851318359375e-05
FALSE,tn,0.9999200105667114,FALSE,7.998943328857422e-5
FALSE,tn,0.9823188185691832,FALSE,0.01768118143081676
FALSE,tn,0.999881625175476,FALSE,1.183748245240368e-4
FALSE,tn,0.9998589754104614,FALSE,1.4102458953857422e-4
FALSE,tn,0.9990403056144714,FALSE,9.596943855285645e-4
FALSE,tn,0.999271810054779,FALSE,7.281899452209473e-4
FALSE,tn,0.9998681545257568,FALSE,1.3184547424316406e-4
FALSE,tn,0.9996756315231324,FALSE,3.2436847686756476e-4
FALSE,tn,0.9996218681335448,FALSE,3.7813186645518915e-4
FALSE,tn,0.9999210834503174,FALSE,7.891654968261719e-5
FALSE,tn,0.9993877410888672,FALSE,6.122589111328125e-4
FALSE,tn,0.9997826218605042,FALSE,2.173781394958496e-4
FALSE,tn,0.9995632767677308,FALSE,4.367232322691761e-4
FALSE,tn,0.999927282333374,FALSE,7.271766662597656e-5
FALSE,tn,0.999897599220276,FALSE,1.0240077972401007e-4
FALSE,tn,0.9998974800109864,FALSE,1.0251998901356085e-4
FALSE,tn,0.9998051524162292,FALSE,1.9484758377075195e-4
FALSE,tn,0.9986944794654846,FALSE,0.0013055205345153809
FALSE,tn,0.9988263249397278,FALSE,0.0011736750602722168
FALSE,tn,0.999936580657959,FALSE,6.3419342041015625e-05
FALSE,tn,0.9998766183853148,FALSE,1.2338161468516962e-4
FALSE,tn,0.9997569918632508,FALSE,2.4300813674915656e-4
FALSE,tn,0.9990719556808472,FALSE,9.28044319152832e-4
FALSE,tn,0.9869754314422609,FALSE,0.013024568557739147
FALSE,tn,0.9999136924743652,FALSE,8.6307525634765625e-05
FALSE,tn,0.9999125003814696,FALSE,8.749961853038446e-5
FALSE,tn,0.9994285702705384,FALSE,5.714297294615589e-4
FALSE,tn,0.999903440475464,FALSE,9.655952453602179e-5
FALSE,tn,0.9997979998588562,FALSE,2.0200014114379883e-4
FALSE,tn,0.99990713596344,FALSE,9.286403655994757e-5
FALSE,tn,0.999912977218628,FALSE,8.702278137195929e-5
FALSE,tn,0.999640941619873,FALSE,3.590583801269531e-4
FALSE,tn,0.999815046787262,FALSE,1.849532127380371e-4
FALSE,tn,0.999806821346283,FALSE,1.9317865371704102e-4
FALSE,tn,0.999525547027588,FALSE,4.7445297241199835e-4
FALSE,tn,0.9997441172599792,FALSE,2.5588274002075195e-4
FALSE,tn,0.9992756247520448,FALSE,7.243752479552112e-4
FALSE,tn,0.99968421459198,FALSE,3.1578540802001953e-4
FALSE,tn,0.9998897314071656,FALSE,1.1026859283436163e-4
FALSE,tn,0.9792545437812804,FALSE,0.020745456218719593
FALSE,tn,0.9990631937980652,FALSE,9.368062019348145e-4
FALSE,tn,0.999868869781494,FALSE,1.311302185059704e-4
FALSE,tn,0.9997977614402772,FALSE,2.0223855972278937e-4
FALSE,tn,0.977633774280548,FALSE,0.022366225719452015
FALSE,tn,0.9998847246170044,FALSE,1.1527538299560547e-4
FALSE,tn,0.9998489618301392,FALSE,1.5103816986083984e-4
FALSE,tn,0.999805510044098,FALSE,1.944899559019886e-4
FALSE,tn,0.9998819828033448,FALSE,1.1801719665516242e-4
FALSE,tn,0.9999401569366456,FALSE,5.9843063354381165e-5
FALSE,tn,0.9999064207077026,FALSE,9.357929229736328e-5
FALSE,tn,0.9998661279678344,FALSE,1.3387203216563837e-4
FALSE,tn,0.9999173879623412,FALSE,8.261203765880243e-5
FALSE,tn,0.9998931884765624,FALSE,1.0681152343761102e-4
FALSE,tn,0.9998979568481444,FALSE,1.0204315185557977e-4
FALSE,tn,0.9993066787719728,FALSE,6.933212280272327e-4
FALSE,tn,0.9996323585510254,FALSE,3.676414489746094e-4
FALSE,tn,0.9965975880622864,FALSE,0.003402411937713623
FALSE,tn,0.9994773268699646,FALSE,5.226731300354004e-4
FALSE,tn,0.9565000534057616,FALSE,0.04349994659423839
FALSE,tn,0.9999065399169922,FALSE,9.34600830078125e-5
FALSE,tn,0.9938910007476808,FALSE,0.006108999252319225
FALSE,tn,0.999924659729004,FALSE,7.534027099598273e-5
FALSE,tn,0.9998886585235596,FALSE,1.1134147644042969e-4
FALSE,tn,0.999706208705902,FALSE,2.937912940980114e-4
FALSE,tn,0.9970927238464355,FALSE,0.002907276153564453
FALSE,fn,0.9995280504226683,TRUE,4.71949577331654e-4
FALSE,fn,0.9997041821479796,TRUE,2.958178520203747e-4
FALSE,tn,0.9656593203544616,FALSE,0.03434067964553844
FALSE,tn,0.9991876482963562,FALSE,8.123517036437988e-4
FALSE,tn,0.999933123588562,FALSE,6.687641143798828e-5
FALSE,tn,0.9999058246612548,FALSE,9.417533874522821e-5
FALSE,tn,0.9941629767417908,FALSE,0.0058370232582092285
TRUE,fp,0.9904947280883788,FALSE,0.9904947280883788
FALSE,tn,0.6894463896751404,FALSE,0.3105536103248596
FALSE,tn,0.9998669624328612,FALSE,1.330375671387829e-4
FALSE,tn,0.9999290704727172,FALSE,7.092952728282587e-5
FALSE,tn,0.9988570213317872,FALSE,0.0011429786682127796
FALSE,tn,0.9999293088912964,FALSE,7.069110870361328e-5
FALSE,tn,0.99979430437088,FALSE,2.0569562911998407e-4
FALSE,tn,0.5763006806373596,FALSE,0.4236993193626404
FALSE,tn,0.9999004602432252,FALSE,9.953975677479132e-5
FALSE,tn,0.9998617172241212,FALSE,1.3828277587879523e-4
FALSE,tn,0.9997103810310364,FALSE,2.8961896896362305e-4
FALSE,tn,0.9996156692504884,FALSE,3.8433074951160773e-4
FALSE,tn,0.9998364448547364,FALSE,1.6355514526356085e-4
FALSE,tn,0.9998900890350342,FALSE,1.0991096496582031e-4
FALSE,tn,0.9994621872901917,FALSE,5.378127098083496e-4
FALSE,tn,0.998666286468506,FALSE,0.0013337135314940296
FALSE,tn,0.9998175501823424,FALSE,1.8244981765758173e-4
FALSE,tn,0.9999339580535888,FALSE,6.604194641124383e-5
FALSE,tn,0.9997995495796204,FALSE,2.0045042037963867e-4
FALSE,tn,0.9991992115974426,FALSE,8.00788402557373e-4
FALSE,tn,0.9989416003227234,FALSE,0.0010583996772766113
FALSE,tn,0.9998155236244202,FALSE,1.8447637557983398e-4
FALSE,tn,0.9993314743041992,FALSE,0.00066852569580078125
FALSE,tn,0.9999117851257324,FALSE,8.8214874267578125e-05
FALSE,tn,0.9831672310829164,FALSE,0.01683276891708363
FALSE,tn,0.9993378520011902,FALSE,6.621479988098145e-4
FALSE,tn,0.9999477863311768,FALSE,5.221366882324219e-5
FALSE,tn,0.9994207620620728,FALSE,5.792379379272461e-4
FALSE,tn,0.99970078468322765,FALSE,2.992153167723499e-4
FALSE,tn,0.9998505115509032,FALSE,1.494884490967907e-4
FALSE,tn,0.7078523635864258,FALSE,0.2921476364135742
FALSE,tn,0.9998732805252076,FALSE,1.2671947479236945e-4
FALSE,tn,0.9997969269752502,FALSE,2.0307302474975586e-4
FALSE,tn,0.9996776580810548,FALSE,3.223419189452015e-4
FALSE,tn,0.9991457462310792,FALSE,8.542537689207874e-4
FALSE,tn,0.9998745918273926,FALSE,0.00012540817260742188
FALSE,tn,0.999250829219818,FALSE,7.491707801819958e-4
FALSE,tn,0.9994596838951112,FALSE,5.40316104888805e-4
FALSE,tn,0.9986553192138672,FALSE,0.0013446807861328125
FALSE,tn,0.9941404461860656,FALSE,0.005859553813934437
FALSE,tn,0.9998493194580078,FALSE,1.506805419921875e-4
FALSE,tn,0.9995556473731996,FALSE,4.443526268004261e-4
FALSE,tn,0.9999147653579712,FALSE,8.52346420288086e-5
FALSE,tn,0.9941207766532898,FALSE,0.005879223346710205
FALSE,tn,0.9998923540115356,FALSE,1.0764598846435547e-4
FALSE,tn,0.999136745929718,FALSE,8.632540702819824e-4
FALSE,tn,0.999901294708252,FALSE,9.8705291748046875e-05
FALSE,tn,0.999890923500061,FALSE,1.0907649993896484e-4
FALSE,tn,0.9992727637290956,FALSE,7.2723627090443e-4
FALSE,tn,0.999297261238098,FALSE,7.027387619019665e-4
FALSE,tn,0.9997246861457824,FALSE,2.753138542176403e-4
FALSE,tn,0.999283254146576,FALSE,7.167458534239612e-4
FALSE,tn,0.999898076057434,FALSE,1.0192394256602899e-4
FALSE,tn,0.9997251629829408,FALSE,2.7483701705921515e-4
FALSE,tn,0.9994788765907288,FALSE,5.211234092712402e-4
FALSE,tn,0.999769389629364,FALSE,2.3061037063598633e-4
FALSE,tn,0.9997215867042542,FALSE,2.784132957458496e-4
FALSE,tn,0.9996885061264038,FALSE,3.114938735961914e-4
FALSE,tn,0.9988917708396912,FALSE,0.0011082291603088379
FALSE,tn,0.9997270703315736,FALSE,2.7292966842640265e-4
FALSE,tn,0.9997300505638124,FALSE,2.699494361876331e-4
FALSE,tn,0.968148708343506,FALSE,0.03185129165649403
FALSE,tn,0.999866247177124,FALSE,1.3375282287597656e-4
FALSE,tn,0.9578083157539368,FALSE,0.04219168424606323
FALSE,tn,0.9997671246528624,FALSE,2.328753471375622e-4
FALSE,tn,0.9995794892311096,FALSE,4.2051076889038086e-4
FALSE,tn,0.9997796416282654,FALSE,2.2035837173461914e-4
FALSE,tn,0.9999417066574096,FALSE,5.8293342590443054e-5
FALSE,tn,0.9996758699417114,FALSE,3.241300582885742e-4
FALSE,tn,0.9994117021560668,FALSE,5.882978439332165e-4
FALSE,tn,0.9995478987693788,FALSE,4.5210123062122687e-4
FALSE,tn,0.9990154504776,FALSE,9.845495224000134e-4
FALSE,tn,0.9985750913619996,FALSE,0.0014249086380003773
FALSE,tn,0.9998182654380798,FALSE,1.8173456192016602e-4
FALSE,tn,0.9985896944999696,FALSE,0.0014103055000304066
FALSE,tn,0.9999279975891112,FALSE,7.20024108887829e-5
FALSE,tn,0.9999402761459352,FALSE,5.9723854064830384e-5
FALSE,tn,0.9999010562896729,FALSE,9.894371032714844e-5
FALSE,tn,0.9999010562896729,FALSE,9.894371032714844e-5
FALSE,tn,0.9998695850372314,FALSE,1.304149627685547e-4
FALSE,tn,0.9999287128448486,FALSE,7.128715515136719e-5
FALSE,tn,0.998224675655365,FALSE,0.0017753243446350098
FALSE,tn,0.9999185800552368,FALSE,8.14199447631836e-5
FALSE,tn,0.9855076670646667,FALSE,0.014492332935333252
FALSE,tn,0.9999151229858398,FALSE,8.487701416015625e-5
FALSE,tn,0.99994158744812,FALSE,5.8412551879993835e-5
FALSE,tn,0.9980803728103638,FALSE,0.0019196271896362305
FALSE,tn,0.9997443556785583,FALSE,2.556443214416504e-4
FALSE,tn,0.9997250437736512,FALSE,2.7495622634876593e-4
FALSE,tn,0.9992089867591858,FALSE,7.91013240814209e-4
FALSE,tn,0.9999222755432128,FALSE,7.77244567872204e-5
FALSE,tn,0.999409556388855,FALSE,5.904436111450195e-4
FALSE,tn,0.9996446371078492,FALSE,3.553628921507679e-4
FALSE,tn,0.9881463050842284,FALSE,0.011853694915771595
FALSE,tn,0.9998840093612672,FALSE,1.1599063873279913e-4
FALSE,tn,0.9933657050132751,FALSE,0.0066342949867248535
FALSE,tn,0.9995763897895812,FALSE,4.236102104188122e-4
FALSE,tn,0.9999492168426514,FALSE,5.078315734863281e-5
FALSE,tn,0.9957343935966492,FALSE,0.00426560640335083
FALSE,tn,0.9996722936630248,FALSE,3.277063369752087e-4
FALSE,tn,0.9998732805252076,FALSE,1.2671947479236945e-4
FALSE,tn,0.9998794794082642,FALSE,1.2052059173583984e-4
FALSE,tn,0.9999275207519532,FALSE,7.247924804676398e-5
FALSE,tn,0.9998088479042052,FALSE,1.9115209579478876e-4
FALSE,tn,0.9975199103355408,FALSE,0.0024800896644592285
TRUE,fp,0.9354900121688844,FALSE,0.9354900121688844
FALSE,tn,0.9999227523803712,FALSE,7.724761962879523e-5
FALSE,tn,0.9919638633728028,FALSE,0.008036136627197155
TRUE,fp,0.9992634654045104,FALSE,0.9992634654045104
FALSE,tn,0.9988189339637756,FALSE,0.0011810660362243652
FALSE,tn,0.9992693066596984,FALSE,7.306933403016247e-4
FALSE,tn,0.9885021448135376,FALSE,0.011497855186462402
FALSE,tn,0.9999505281448364,FALSE,4.947185516357422e-5
TRUE,fp,0.9925599098205566,FALSE,0.9925599098205566
FALSE,tn,0.9998378753662108,FALSE,1.6212463378917352e-4
FALSE,fn,0.9786288738250732,TRUE,0.021371126174926758
TRUE,tp,0.999262273311615,TRUE,0.999262273311615
FALSE,tn,0.9975226521492004,FALSE,0.0024773478507995605
TRUE,tp,0.9988152980804444,TRUE,0.9988152980804444
FALSE,tn,0.7541201710700989,FALSE,0.24587982892990112
FALSE,tn,0.9298637509346008,FALSE,0.07013624906539917
FALSE,tn,0.9998462200164796,FALSE,1.537799835203968e-4
FALSE,tn,0.9997473359107972,FALSE,2.5266408920276984e-4
FALSE,tn,0.9540647864341736,FALSE,0.045935213565826416
FALSE,tn,0.9985688924789428,FALSE,0.00143110752105724
FALSE,tn,0.999908685684204,FALSE,9.131431579600946e-5
FALSE,tn,0.7062703371047974,FALSE,0.29372966289520264
FALSE,tn,0.999903678894043,FALSE,9.632110595703125e-5
FALSE,tn,0.9991753697395324,FALSE,8.246302604676403e-4
FALSE,tn,0.999717652797699,FALSE,2.823472023010254e-4
FALSE,tn,0.9998387098312378,FALSE,1.6129016876220703e-4
FALSE,tn,0.985385000705719,FALSE,0.014614999294281006
TRUE,fp,0.9973872303962708,FALSE,0.9973872303962708
TRUE,fp,0.9991822838783264,FALSE,0.9991822838783264
TRUE,fp,0.8337140083312988,FALSE,0.8337140083312988
FALSE,tn,0.979060709476471,FALSE,0.020939290523529053
TRUE,tp,0.9625898003578186,TRUE,0.9625898003578186
TRUE,fp,0.9920217990875244,FALSE,0.9920217990875244
FALSE,tn,0.9997368454933168,FALSE,2.631545066832386e-4
TRUE,fp,0.999626398086548,FALSE,0.999626398086548
FALSE,tn,0.71669602394104,FALSE,0.28330397605895996
FALSE,tn,0.99992036819458,FALSE,7.96318054200329e-5
FALSE,tn,0.9998989105224608,FALSE,1.0108947753917352e-4
TRUE,tp,0.8921452164649963,TRUE,0.8921452164649963
FALSE,tn,0.9965521097183228,FALSE,0.003447890281677246
FALSE,tn,0.9980923533439636,FALSE,0.001907646656036377
TRUE,fp,0.999080777168274,FALSE,0.999080777168274
TRUE,fp,0.9992413520812988,FALSE,0.9992413520812988
FALSE,tn,0.9844521284103394,FALSE,0.015547871589660645
FALSE,fn,0.991526424884796,TRUE,0.008473575115203968
FALSE,fn,0.9998387098312378,TRUE,1.6129016876220703e-4
TRUE,tp,0.6763845682144165,TRUE,0.6763845682144165
FALSE,tn,0.9991939663887024,FALSE,8.060336112976074e-4
FALSE,tn,0.989345133304596,FALSE,0.010654866695404053
FALSE,tn,0.9998699426651,FALSE,1.3005733490001337e-4
FALSE,tn,0.6727859973907471,FALSE,0.32721400260925293
TRUE,fp,0.8376643061637878,FALSE,0.8376643061637878
TRUE,fp,0.9340349435806274,FALSE,0.9340349435806274
FALSE,tn,0.9997804760932922,FALSE,2.1952390670776367e-4
FALSE,fn,0.9833706617355348,TRUE,0.01662933826446522
FALSE,tn,0.9993632435798644,FALSE,6.367564201356091e-4
FALSE,tn,0.9909145832061768,FALSE,0.009085416793823242
FALSE,tn,0.8402367830276489,FALSE,0.15976321697235107
FALSE,tn,0.9994962215423584,FALSE,5.037784576416016e-4
FALSE,tn,0.9992871880531312,FALSE,7.128119468687855e-4
FALSE,tn,0.9999016523361206,FALSE,9.834766387939453e-5
FALSE,tn,0.9804677963256836,FALSE,0.019532203674316406
FALSE,tn,0.94580739736557,FALSE,0.05419260263443004
FALSE,tn,0.9998583793640136,FALSE,1.4162063598643915e-4
TRUE,fp,0.9989063739776612,FALSE,0.9989063739776612
TRUE,fp,0.9595357775688172,FALSE,0.9595357775688172
TRUE,fp,0.9971663355827332,FALSE,0.9971663355827332
FALSE,tn,0.9964703321456908,FALSE,0.003529667854309193
TRUE,fp,0.9977259039878844,FALSE,0.9977259039878844
TRUE,fp,0.9948340654373168,FALSE,0.9948340654373168
FALSE,tn,0.9998371601104736,FALSE,1.628398895263672e-4
FALSE,tn,0.9869285225868224,FALSE,0.013071477413177601
FALSE,tn,0.9997819066047668,FALSE,2.180933952331543e-4
FALSE,tn,0.9902424216270448,FALSE,0.009757578372955211
TRUE,fp,0.9985324144363404,FALSE,0.9985324144363404
TRUE,tp,0.9995593428611756,TRUE,0.9995593428611756
TRUE,fp,0.8358171582221985,FALSE,0.8358171582221985
FALSE,tn,0.9836515784263612,FALSE,0.016348421573638805
FALSE,tn,0.9975979924201964,FALSE,0.002402007579803578
FALSE,tn,0.9998350143432616,FALSE,1.6498565673839227e-4
